dermis,27
parachordal cartilage,16
opercle,33
cleithrum,79
dentary,19
eye,1755
palatoquadrate cartilage,43
osteoblast,20
scale,43
splanchnocranium,52
branchiostegal ray,9
epidermis,387
pharyngeal arch,727
portion of connective tissue,8
branchiostegal ray 3,16
Meckel's cartilage,50
entopterygoid,10
dermatocranium,3
pharyngeal arch 3-7 skeleton,604
ventral mandibular arch,33
myoseptum,50
tendon,6
fibroblast,4
parasphenoid,18
ligament,5
maxilla,32
heart,1322
pectoral fin,820
somite,1324
ceratobranchial 5 tooth,17
ceratohyal cartilage,53
perichondrium,26
midbrain neural keel,140
central nervous system,1075
neuron,571
hepatic duct,6
muscle,715
forebrain,756
tegmentum,568
kidney,792
myotome,730
optic vesicle,472
telencephalon,981
brain,2459
posterior region,233
otic vesicle,980
torus semicircularis,42
ventricular zone,396
mesoderm,354
endoderm,169
neural tube,720
intestine,886
liver,1769
otic placode,354
diencephalon,1051
yolk syncytial layer,546
supracarinalis,2
spinal cord,1248
presumptive diencephalon,116
artery,138
pharynx,281
alar plate midbrain region,389
retina,1471
post-vent region,209
neural plate,540
unfertilized egg,51
pronephric duct,665
fin,284
caudal oblique,1
hindbrain neural rod,48
presumptive rhombomere 3,34
spleen,457
pronephros,245
caudal fin,131
intermediate cell mass of mesoderm,253
anterior axial hypoblast,107
notochord posterior region,30
hypochord,129
midbrain,1241
habenula,131
cloaca,79
neuroectoderm,101
intermediate hypothalamus,13
optic tectum,1169
median fin fold,114
testis,742
proliferative region,133
segmental plate,386
swim bladder,210
basal plate midbrain region,259
primary neuron,74
trunk musculature,112
hindbrain,1617
gill,858
vasculature,67
external yolk syncytial layer,12
MiP motor neuron,8
rhombomere 7,37
cranial ganglion,413
forebrain neural plate,24
CaP motoneuron,18
hatching gland,238
motor neuron,78
ventral side,36
mucus secreting cell,75
neuromast hair cell,31
olfactory epithelium,136
nucleate erythrocyte,29
polster,347
EVL,189
pectoral fin bud,304
gill raker,7
ventral mesoderm,331
lens,493
retinal outer plexiform layer,44
ventral wall of dorsal aorta,69
notochord,820
bulbus arteriosus,36
presumptive bulbus arteriosus,8
neuromast,249
inner ear,183
molecular layer valvula cerebelli,14
hypaxial myotome region,100
primitive heart tube,146
thymus,66
epaxial myotome region,6
trigeminal ganglion,187
presumptive segmental plate,45
nervous system,117
ciliated olfactory receptor neuron,6
blood,221
epiphysis,546
anatomical region,85
solid lens vesicle,395
head mesenchyme,161
intermediate mesoderm,79
hypophysis,183
peripheral olfactory organ,468
axis,306
pharyngeal pouch,66
lateral line system,228
hindbrain neural plate,168
blood vessel,31
tail bud,551
forebrain neural keel,105
integument,518
third ventricle,31
periderm,366
olfactory placode,412
neuroblast,24
midbrain hindbrain boundary,425
secondary motor neuron,7
neural crest,219
mandibular arch skeleton,129
gonad,89
pronephric duct opening,18
cerebellum,497
hair cell,40
pectoral fin musculature,558
lateral plate mesoderm,143
endodermal cell,42
retinal cone cell,59
neural keel,127
anterior region,286
ventral region,289
primary motor neuron,40
taste receptor cell,9
pharyngeal arch 6,18
pancreas,278
somite border,46
utricle,4
adaxial cell,362
thalamic eminence,18
presumptive cephalic mesoderm,16
vein,158
retinal inner nuclear layer,390
upper region,3
posterior cardinal vein,125
macula utricle,13
cardiac muscle,17
vertical myoseptum,33
caudal tuberculum,106
rhombomere,259
head,769
hematopoietic system,49
intersegmental vessel,105
preoptic area,145
forerunner cell group,131
rhombomere 5,127
GABAergic neuron,18
margin,233
taste bud,18
olfactory system,25
heart tube,301
skeletal muscle,172
ventral mesenchyme,65
pronephric mesoderm,55
axial chorda mesoderm,97
thyroid follicle,25
cardiovascular system,109
lateral zone of dorsal telencephalon,33
trigeminal placode,194
female organism,120
blastoderm,110
adenohypophysis,31
dorsal region,222
macrophage,57
parietal bone,4
ovary,801
T cell,12
gut,843
oocyte stage III,61
mesenchyme derived from head mesoderm,17
pectoral fin cartilage,41
heart rudiment,180
myocardium,30
oculomotor nucleus,13
retinal ganglion cell layer,481
slow muscle cell,68
musculature system,233
ventral thalamus,84
immature eye,747
superficial lateralis,3
lateral line ganglion,88
fast muscle cell,56
horizontal cell,23
lymphocyte,39
renal system,17
blastomere,184
presumptive telencephalon,80
ventro-medial margin,1
floor plate neural tube,23
sclerotome,27
hypothalamus,442
medulla oblongata,146
dorsal telencephalon,165
Kupffer's vesicle,181
dopaminergic neuron,47
inferior olive,10
dorsal aorta,186
somite 18,2
anterior macula,47
alpha-beta T cell,1
valvula cerebelli,55
pancreas primordium,80
actinotrichium,2
cell,74
cephalic musculature,79
pancreatic bud,123
heart primordium,101
epidermal superficial stratum,14
optic primordium,104
paraventricular organ,19
trunk,307
blood vasculature,70
extraocular musculature,27
ball,42
thalamus,124
intestinal bulb,286
rhombomere 2,89
presumptive swim bladder,7
Rohon-Beard neuron,101
dendritic cell,6
ectoderm,182
VaP motor neuron,10
intermediate reticular formation,16
ciliary marginal zone,139
retinal photoreceptor layer,146
cardiac ventricle,118
erythroid progenitor cell,11
esophagus,30
oocyte stage I,77
tectal neuropile,1
spinal cord interneuron,58
head kidney,55
ovarian follicle stage IV,60
presumptive rhombomere 8,9
auditory receptor cell,5
lateral hypothalamic nucleus,40
cranial cartilage,23
cranium,40
floor plate telencephalic region,4
paraxial mesoderm,186
optic stalk,88
deep blastomere,10
frontal-parietal joint,10
mesenchyme,106
granule cell,36
posterior side,45
anterior crista,24
caudal hypothalamic zone,16
glutamatergic neuron,14
pharyngeal arch cartilage,47
spinal cord neural tube,136
presumptive rhombomere 6,21
bipolar neuron,5
neural rod,209
cartilage element,10
joint,10
lateral crista primordium,8
dorsal habenular nucleus,41
retinal pigmented epithelium,92
dorsal zone of dorsal telencephalon,11
caudal vein plexus,68
spinal cord neural keel,28
internal yolk syncytial layer,7
presumptive dorsal mesoderm,9
midbrain neural rod,81
neurocranium,19
antero-dorsal region,21
corpus cerebelli,68
anatomical structure,157
hatching gland cell,4
retinal inner plexiform layer,51
proximal region,20
choroidal fissure,41
photoreceptor cell,54
primordial hindbrain channel,20
left side,20
olfactory rosette,32
proctodeum,44
posterior macula,22
yolk,59
myoblast,29
lateral forebrain bundle,6
floor plate spinal cord region,28
erythroid lineage cell,20
pharyngeal arch 3-7,235
hepatic sinusoid,5
ventral telencephalon,139
dorsal fin fold,16
digestive system,71
caudal periventricular hypothalamus,63
extension,32
thrombocyte,8
sternohyoid,24
heart valve,5
radial glial cell,31
semicircular canal,40
ventral entopeduncular nucleus of ventral telencephalon,26
swim bladder bud,52
lateral recess,22
central nucleus torus semicircularis,13
anterior commissure,26
infracarinalis,1
rhombomere 4,118
pronephric distal late tubule,27
neuromast support cell,21
cornea,24
retinal neural layer,52
lateral line primordium,58
primary neuron hindbrain,15
oral cavity,8
oligodendrocyte,26
epiblast,71
muscle cell,39
mesencephalic nucleus of trigeminal nerve,4
parvocellular preoptic nucleus,20
adenohypophyseal placode,31
chordo neural hinge,46
mouth,41
floor plate rhombomere 1,5
somite 13,3
primordial germ cell,36
fourth ventricle,33
rhombomere 1,62
floor plate rhombomere 7,4
anterior margin,7
B cell,4
rhombomere 3,94
lateral line,70
lip,28
retinal outer nuclear layer,102
rhombomere 8,16
chondrocranium,27
adductor operculi,12
presumptive ectoderm,41
endothelial cell,47
apical side,2
presumptive rhombomere 4,47
spinal cord neural rod,35
diffuse nucleus inferior lobe,23
gall bladder,31
presumptive preglomerular region,1
cranial neural crest,45
somite 12,4
Bergmann glial cell,5
lateral mesoderm,97
somite 14,3
primordial midbrain channel,13
pharyngeal arch 5,14
apical ectodermal ridge pectoral fin bud,58
muscle pioneer,49
floor plate rhombomere 4,5
anterior neural plate,27
skeletal muscle cell,49
atrium,102
hematopoietic stem cell,36
fin fold pectoral fin bud,64
ventral nucleus of ventral telencephalon,42
ethmoid cartilage,37
floor plate,258
oocyte,129
male organism,135
prechordal plate,81
oocyte stage IV,48
lateral crista,22
gut epithelium,22
axial mesoderm,90
anterior neural rod,26
lateral mesenchyme derived from mesoderm,3
immature posterior macula,6
smooth muscle cell,14
somite 9,3
pretectum,83
diencephalic nucleus,9
endocardial cushion,4
somite 4,9
pigment cell,65
RoP motor neuron,7
presumptive paraxial mesoderm,33
exocrine pancreas,63
ventro-lateral region,41
pericardium,14
primary head sinus,9
anatomical margin,31
somite 17,2
atrioventricular canal,37
ventral fin fold,26
ventral intermandibularis anterior,11
olfactory receptor cell,34
central region,36
posterior recess,20
ceratobranchial cartilage,24
dorsal horn spinal cord,7
sensory system,1
posterior crista,21
levator operculi,4
torus lateralis,28
statoacoustic (VIII) ganglion,59
muscle precursor cell,6
optic cup,200
periventricular nucleus,52
pneumatic duct,12
anterior lateral line neuromast,29
medial longitudinal fasciculus,49
ventricular system,39
trunk vasculature,87
blood cell,41
granulocyte monocyte progenitor cell,13
hair cell anterior macula,14
floor plate rhombomere 5,4
neuromast mantle cell,11
hindbrain neural keel,101
leukocyte,17
medial region,59
hindbrain interneuron,6
brain vasculature,15
dorsal hypothalamic zone,5
fast muscle myoblast,14
asteriscus,7
epithelial cell,31
inter-parietal joint,5
choroid plexus epithelial cell,1
presumptive blood,22
distal region,25
caudal hematopoietic tissue,18
organism subdivision,1
pharyngeal arch 7,19
axial blood vessel,15
aortic arch 5,7
rostral blood island,23
Purkinje cell,63
hematopoietic cell,17
periventricular nucleus of caudal tuberculum,53
endocrine pancreas,37
reticular formation,11
posterior lateral line primordium,102
floor plate rhombomere 8,4
central canal,13
atrioventricular valve,8
retinal ganglion cell,85
macula saccule,8
medial caudal lobe,39
somite 16,2
ovarian follicle stage I,58
anatomical compartment boundary,5
telencephalic ventricle,16
retinal rod cell,27
olfactory bulb,209
presumptive rhombomere 7,12
forebrain neural rod,58
tectal ventricle,28
mesenchymal cell,26
epibranchial ganglion,17
dorsal entopeduncular nucleus of ventral telencephalon,16
frontal bone,8
somite 6,5
ventral transverse,8
presumptive neural retina,135
anterior crista primordium,11
postoptic commissure,22
cranial nerve,14
anterior presumptive neural plate,11
connective tissue cell,6
jaw row breeding tubercle,4
basal layer breeding tubercle,4
oral epithelium,27
stratum griseum centrale,3
rhombomere 6,93
somite 7,4
posterior lateral line neuromast,62
hypertrophic chondrocyte,6
thoracic duct,8
blood island,84
dorso-medial region,17
anatomical surface,15
neural crest cell,82
floor plate diencephalic region,11
magnocellular octaval nucleus,5
cranial vasculature,56
dilatator operculi,10
posterior communicating artery,3
floor plate rhombomere 3,5
posterior lateral mesoderm,48
nucleus of the caudal commissure,4
presumptive rhombomere 2,27
lip epithelium,4
otic sensory epithelium,15
anterior lateral mesoderm,22
monocyte,6
medial zone of dorsal telencephalon,41
goblet cell,5
somite 21,1
amacrine cell,79
neurogenic placode,17
blastodisc,87
dorsal thalamus,92
atrial myocardium,12
pronephric tubule,40
oocyte stage II,67
otolith,16
hyohyoideus,17
Mauthner neuron,18
thyroid primordium,17
central artery,7
erythroblast,7
neurocranial trabecula,25
CiD,7
torus longitudinalis,74
DEL,42
shield,107
eye photoreceptor cell,28
brainstem,27
medial valvula cerebelli,20
pars intermedia,13
acinar cell,6
levator arcus palatini,16
dorsal longitudinal anastomotic vessel,17
hypoblast,99
myeloid leukocyte,7
optic tract,17
somite 5,9
periocular mesenchyme,23
hair cell posterior macula,6
ovarian follicle,55
atrioventricular canal endocardium,11
lateral preglomerular nucleus,16
ventral aorta,8
intestinal epithelium,49
cardiac muscle cell,28
germ ring,60
anterior neural tube,29
ovarian follicle stage III,58
axial vasculature,129
ventral thalamus nucleus,2
podocyte,9
posterior margin,17
posterior intestine,46
somite 1,15
superior reticular formation medial column,5
floor plate rhombomere 2,5
lateral region,60
ventral horn spinal cord,6
dorso-lateral region,14
pharyngeal musculature,13
rostral tuberal nucleus,12
caudal tuberal nucleus,41
barbel,29
inferior hyohyoid,5
somite 20,2
postcranial axial cartilage,4
presumptive retinal pigmented epithelium,27
central nucleus inferior lobe,9
visceral fat,18
palate,9
dorsal periventricular hypothalamus,67
lens placode,45
mandibular muscle,17
presumptive rhombomere 5,32
immature anterior macula,8
trabecula cranii,12
fin musculature,3
somite 3,18
ovarian follicle stage II,55
endocrine system,19
cerebellar granule cell,9
somite 8,3
ventral habenular nucleus,28
chondrocyte,44
ventral hypothalamic zone,13
post-vent vasculature,25
interpeduncular nucleus medulla oblongata,11
mid intestine,37
blood vessel endothelial cell,43
octaval nerve sensory nucleus,4
somite 11,6
optic chiasm,28
somite 22,1
superior reticular formation tegmentum,3
VeLD,18
ganglion,9
caudal vein,5
pronephric glomerulus,39
immature B cell,4
pharyngeal mesoderm,6
cranial nerve II,56
pharyngeal arch 1,75
melanoblast,10
epibranchial placode,15
basilar artery,7
aortic arch 6,7
ventricular myocardium,17
gamete,1
aortic arch 3,6
posterior lateral plate mesoderm,59
presumptive mesoderm,41
adductor mandibulae,19
ventral rhombencephalic commissure,2
head muscle,25
right side,16
pars anterior,12
bone tissue,6
posterior crista primordium,10
immature gonad,21
rostral octaval nucleus,5
multi-ciliated epithelial cell,14
ventro-medial region,42
vagal ganglion,24
gonad primordium,21
posterior neural tube,19
dorsal nucleus of ventral telencephalon,38
interrenal primordium,13
oocyte stage V,44
abductor hyohyoid,3
floor plate rhombomere 6,4
ventral intermandibularis posterior,13
aortic arch 4,7
floor plate neural rod,6
anterior neural keel,30
vH ionocyte,14
cranial blood vessel,18
somite 2,16
somite 15,2
anterior side,47
hepatocyte,26
periventricular grey zone,135
primary interneuron,14
myeloid cell,38
pharyngeal endoderm,37
stomodeum,13
grey matter,5
superior raphe nucleus,21
symplectic,11
mesenchyme pectoral fin,55
somite 19,2
spermatocyte,27
basal communicating artery,8
endocardium,34
ventriculo bulbo valve,1
somite 10,3
pretectal periventricular nucleus,20
interneuron,25
epithelium,60
midbrain hindbrain boundary neural rod,52
lateral margin,13
spinal cord neural plate,13
anterior-posterior axis,11
apical region,7
marginal blastomere,31
liver primordium,27
intestinal bulb primordium,40
presumptive endoderm,13
pancreatic duct,7
posterior pancreatic bud,38
dorsal side,42
presumptive brain,27
midbrain neural plate,10
presumptive neural plate,36
presumptive forebrain,7
gastrula cell,2
pharyngeal arch 3,33
cranial neural crest cell,52
pharyngeal arch 2,80
pharyngeal arch 4,20
migratory cranial neural crest,3
pharyngeal arch 3 skeleton,10
pharyngeal arch 2 skeleton,41
hyomandibula,10
tooth 4V,22
mesenchyme derived from head neural crest,6
hyoid neural crest,4
chondrocranium cartilage,8
interopercle,2
branchiostegal ray 1,2
ventral hyoid arch,10
ectomesenchyme,7
dorsal hyoid arch,3
chondroblast,12
mandibular neural crest,2
retroarticular process,8
anguloarticular,8
pharyngeal arch 5 skeleton,7
pharyngeal arch 4 skeleton,8
forebrain neural tube,6
palatoquadrate arch,24
branchiostegal ray 2,6
pectoral fin field,33
vagal neural crest,8
migratory neural crest,8
pharyngeal arch 6 skeleton,4
distal margin,7
neural crest hindbrain,9
pharyngeal arch 7 skeleton,3
tooth placode,16
anterior lateral plate mesoderm,72
anterior pancreatic bud,7
cardiac muscle myoblast,4
intestinal rod,7
osteoprogenitor cell,5
ceratohyal bone,10
regenerating fin,27
inter-frontal joint,12
fin bud,88
mid intestine epithelium,4
midbrain hindbrain boundary neural tube,7
integument ionocyte,13
posterior intestine epithelium,3
scale primordium,2
intestinal bulb epithelium,7
maxillary barbel,7
descending trigeminal root,3
descending octaval nucleus,4
midbrain hindbrain boundary neural keel,50
protoneuromast,11
macula,16
upper rhombic lip,16
lower rhombic lip,2
otic epithelium,14
ventral rectus,7
dorsal rectus,6
intermandibularis,6
lateral rectus,8
ventral oblique extraocular muscle,9
medial rectus,12
interhyoideus,13
presumptive intervening zone,3
hyoid muscle,13
migratory slow muscle precursor cell,8
protractor hyoidei,1
constrictor dorsalis,5
skeletal muscle myoblast,5
adductor hyohyoid,8
dorsal oblique extraocular muscle,8
hypaxialis,4
aortic arch,27
pronephric distal early tubule,25
common myeloid progenitor,18
myeloid lineage restricted progenitor cell,9
hematopoietic multipotent progenitor cell,28
mature neutrophil,3
common lymphoid progenitor,4
granulocyte,9
myocardial precursor,8
opercular flap,27
vertebra,17
presumptive cardiac ventricle heart tube,27
postero-medial region,4
pharyngeal vasculature,13
angioblastic mesenchymal cell,32
mesodermal cell,5
embryonic blood vessel endothelial progenitor cell,5
presumptive atrium heart tube,12
adipose tissue,25
visual system,2
lateral floor plate,19
ventral root,6
forebrain midbrain boundary,22
serotonergic neuron,18
brainstem and spinal white matter,3
hindbrain neural tube,22
forebrain midbrain boundary neural rod,8
enteroendocrine cell,5
CNS interneuron,10
lateral longitudinal fasciculus,9
zona limitans intrathalamica,22
suprachiasmatic nucleus,22
inferior lobe,17
granular eminence,43
caudal parvocellular preoptic nucleus,34
rostral thalamic nucleus,15
rostral preglomerular nucleus,21
ventromedial thalamic nucleus,40
corpus mamillare,58
rostral parvocellular preoptic nucleus,41
caudal zone of dorsal telencephalon,30
basibranchial,7
dental mesenchyme,6
axial hypoblast,24
horizontal myoseptum,21
oral ectoderm,13
pharyngeal epithelium,23
sensory neuron,28
ventro-caudal cluster,17
ventro-rostral cluster,24
dorso-rostral cluster,20
trochlear motor nucleus,6
facial ganglion,33
locus coeruleus,24
vagal ganglion 2,14
vagal ganglion 1,20
glossopharyngeal ganglion,21
enteric neuron,12
trunk ganglion,2
vagal ganglion 4,15
vagal ganglion 3,13
superior cervical ganglion,9
midbrain hindbrain boundary neural plate,25
epibranchial field,5
facial placode,4
glossopharyngeal placode,3
germ line cell,11
oogonia,6
spermatogonium,25
embryonic structure,16
replacement tooth 4V,1
dental epithelium,8
dorsal margin,9
presumptive shield,17
primary dental epithelium,2
tooth 5V,9
pharyngeal pouch 4,6
pharyngeal pouch 2,10
pharyngeal pouch 5,5
replacement tooth 3V,1
pharyngeal pouch 1,10
tooth 3V,9
pharyngeal pouch 3,9
replacement tooth 5V,1
central nucleus of ventral telencephalon,14
Leydig cell,7
postcommissural nucleus of ventral telencephalon,19
interrenal gland,12
peripheral nervous system,26
cranial nerve V,6
retinal bipolar neuron,23
sinus venosus,10
cranial nerve X,11
facial nerve motor nucleus,16
cranial nerve VII,10
cranial nerve VI,1
cranial nerve IX,6
endocrine cell,7
pancreatic system,9
posterior lateral line ganglion,76
trigeminal motor nucleus,15
neuronal stem cell,16
trigeminal sensory neuron,6
presumptive sinus venosus,5
insulin secreting cell,3
primary islet,9
vagal lobe,23
proneural cluster,10
sinoatrial node,3
sinoatrial valve,5
basal region,11
pancreatic B cell,11
pronephric proximal convoluted tubule,31
DoLA,4
anterior lateral line ganglion,45
motor nucleus of vagal nerve,7
postero-ventral region,12
presumptive ventral mesoderm,5
ventral margin,14
molecular layer corpus cerebelli,14
neuroblast (sensu Vertebrata),19
neurogenic field,14
neural crest telencephalon,3
non neural ectoderm,17
trunk neural crest,17
neural crest diencephalon,2
neural crest midbrain,5
neurectodermal cell,3
preplacodal ectoderm,9
antero-ventral region,22
pineal complex,41
middle lateral line ganglion,3
posterior lateral line placode,19
anterior lateral line placode,21
extrapancreatic duct,5
dorsal anterior lateral line ganglion,8
dorsal root ganglion,21
ventral anterior lateral line ganglion,7
neuroepithelial cell,27
epibranchial cartilage,1
anterior lateral line system,4
digestive system duct,6
postero-dorsal region,8
dorsolateral placode,9
vascular cord,29
forebrain ventricle,11
lining cell,4
glomerular layer,18
proximal straight tubule,4
pronephric proximal straight tubule,33
trigeminal neural crest,4
CNS neuron (sensu Vertebrata),13
sympathetic nervous system,4
enteric nervous system,21
presumptive enteric nervous system,9
intersegmental vein,3
common cardinal vein,47
mesoderm pectoral fin bud,11
distal side,2
cardiac neural crest,1
presumptive atrioventricular canal,4
blue sensitive photoreceptor cell,1
roof plate neural tube region,5
rostral pars anterior,8
adrenocorticotropic hormone secreting cell,3
melanocyte stimulating hormone secreting cell,2
lateral forebrain bundle diencephalon,1
mandibular lateral line neuromast,10
otic lateral line neuromast,13
supraorbital lateral line neuromast,9
liver and biliary system,5
occipital lateral line neuromast,11
middle lateral line neuromast,10
opercular lateral line neuromast,9
infraorbital lateral line neuromast,11
cloacal chamber,28
mid cerebral vein,28
optic vein,3
ventricular endocardium,7
anterior cardinal vein,4
primordial vasculature,13
lateral dorsal aorta,23
posterior cerebral vein,1
endocardial precursor,3
caudal division of the internal carotid artery,8
metencephalic artery,4
blood vessel endothelium,12
atrial endocardium,7
vascular endothelium,42
optic artery,7
medial octavolateralis nucleus,17
bulbo-spinal tract,2
griseum centrale,25
esophageal epithelium,3
intestinal lamina propria mucosa,2
vagal placode 1,4
CoSA,1
presumptive pronephric mesoderm,7
vagal placode 2,4
presumptive midbrain hindbrain boundary,7
vagal placode 4,4
optic recess,4
rostral tegmental nucleus,2
vagal placode 3,4
renal vesicle,3
rhombic lip,3
optic furrow,23
pronephric podocyte,16
immature macula,5
posterior pronephric duct,15
MiD3cm,6
nephron progenitor,5
MiD2cm,5
optic fissure,14
oral region,21
corneal epithelium,24
caudal fin lower lobe,1
microglial cell,9
apical ectodermal ridge,13
urogenital papilla,2
anal fin,16
apical ectodermal ridge dorsal fin,9
pelvic fin bud,11
dorsal fin,23
apical ectodermal ridge pelvic fin bud,3
dorsal fin musculature,8
ectodermal cell,9
caudal fin lepidotrichium,11
neutrophil progenitor cell,3
epidermal basal stratum,10
gut endothelial cell,3
epidermal cell,35
dorsal-most region,9
olfactory region,11
dorsomedial optic tract,6
central zone of dorsal telencephalon,12
parvocellular superficial pretectal nucleus,4
ventrolateral thalamic nucleus,16
medial column,1
regenerating tissue,6
aortic arch 1,9
xanthophore,19
internal carotid artery,6
midbrain neural tube,8
ventral sulcus,1
compartment boundary,12
cephalic flexure,1
internal cellular layer,10
epithalamus,36
eurydendroid cell,4
glioblast (sensu Vertebrata),5
glial cell,23
white matter,3
granular layer corpus cerebelli,26
glioblast,5
medial migration pathway mesenchyme,1
pleuroperitoneal region,4
fat cell,17
posterior neural plate,9
islet,1
vertebral column,7
blood plasma,2
posterior kidney,8
superficial blastomere,12
mesenchyme median fin fold,7
otic vesicle protrusion,6
roof plate spinal cord region,6
apical margin,3
vent,17
cardinal system,12
anterior segment eye,11
opercular artery,2
hypobranchial artery,5
carotid artery,4
subintestinal vein,7
angiogenic sprout,5
pronephric glomerular capillary,2
endothelial tip cell,3
capillary,2
segmental intercostal artery,3
primitive olfactory epithelium,24
olfactory pit,38
parapineal organ,11
primary posterior lateral line primordium,4
roof plate,11
cerebellar crest,17
external cellular layer,7
vestibulolateralis lobe,6
granular layer valvula cerebelli,23
thyroid stimulating hormone secreting cell,4
ventral lateral mesoderm,5
early embryonic cell,3
magnocellular preoptic nucleus,26
midline column,4
nucleus of the lateral recess,2
nucleus of the posterior recess,5
caudal octavolateralis nucleus,12
nucleus lateralis valvulae,16
ventrolateral nucleus,11
central caudal thalamic nucleus,28
facial lobe,20
nucleus isthmi,8
deep white zone,6
otic vesicle anterior protrusion,1
dorsolateral septum,4
otic vesicle posterior protrusion,1
pillar of the semicircular canal,1
atrioventricular ring,9
otic vesicle ventral protrusion,2
posterior semicircular canal,3
postero-lateral region,7
lateral semicircular canal,5
anterior semicircular canal,3
intestinal villus,4
pancreatic D cell,7
lateral valvula cerebelli,20
outer limiting membrane,7
caudal fin skeleton,10
median axial vein,3
lens epithelium,27
thymus primordium,8
notochordal ossification,1
somatic cell,14
taenia marginalis anterior,1
lymphatic system,2
enteric musculature,6
smooth muscle,7
dorsal axial hypoblast,2
anal fin lepidotrichium,5
organizer inducing center,5
hypural,9
commissura cerebelli,2
immature hair cell anterior macula,5
retroarticular,4
ceratobranchial bone,13
epibranchial 5,2
olfactory field,8
blastema,5
NaK ionocyte,9
medial margin,5
Muller cell,23
brain nucleus,12
spinal neuromere,1
esophageal sphincter,1
ependymal cell,15
floor plate midbrain region,1
anterior/posterior compartment boundary,1
enterocyte,9
anterior lateral line,9
posterior lateral line,16
trunk mesenchyme,9
Kolmer-Agduhr neuron,12
ventral-most region,21
red sensitive photoreceptor cell,6
animal-vegetal axis,5
pterosphenoid,4
auditory epithelial support cell,7
photoreceptor inner segment layer,5
posterior lateral line system,14
corpuscles of Stannius,24
immature hair cell posterior macula,2
auditory capsule,5
hyosymplectic cartilage,17
lateral line nerve,9
myelinating Schwann cell,14
antero-ventral margin,1
dorsal-ventral gradient,4
pelvic fin lepidotrichium,2
blastoderm cell,7
pectoral fin lepidotrichium,3
posterior neural keel,9
presumptive hindbrain,9
mid diencephalic organizer,6
presumptive midbrain,3
roof plate rhombomere region,2
multi fate stem cell,2
branchiostegal membrane,1
neural plate border,5
otic region,3
macula lagena,2
crypt olfactory receptor neuron,4
keratinocyte,17
ceratobranchial 5 cartilage,5
ceratobranchial 5 bone,4
ceratobranchial 1 cartilage,6
postero-medial margin,2
mesenchyme condensation cell,1
anterior lateral line primordium,6
notochord outer sheath cell,2
bone element,9
ciliated cell,3
presumptive floor plate,14
caudal artery,17
dorsal fin distal radial,1
pectoral fin fold,12
caudal fin principal ray 3,3
hypural 2,2
hypural 1,4
hypural 3,2
presumptive median fin fold,3
regeneration epithelium,2
anal fin proximal radial,1
dorsal fin lepidotrichium,3
anal fin distal radial,1
presumptive structure,1
antero-medial region,7
stratum fibrosum et griseum superficiale,10
ultimobranchial body,3
glial cell (sensu Vertebrata),7
posterior lateral line nerve,9
intrahepatic bile duct,4
abducens motor nucleus,1
dorsal tegmental nucleus,16
peridermal cell,3
roof plate diencephalic region,4
somatic stem cell,4
medial side,4
visible light photoreceptor cell,2
photoreceptor outer segment layer,6
dorsal caudal thalamic nucleus,8
nitrergic neuron,1
caudal thalamic nucleus,6
nucleus subglomerulosis,1
melanocyte,28
melanophore stripe,1
inferior raphe nucleus,10
fin fold actinotrichium,2
basal side,3
exocrine cell,4
fasciculus retroflexus,5
interpeduncular nucleus tegmentum,14
hypocretin-secreting neuron,13
developing mesonephric nephron,3
mesonephric duct,3
distal early tubule,2
lateral side,5
anterior surface,1
epithelial cell of pancreas,3
hyaloid vessel,6
inhibitory interneuron,2
supracommissural nucleus of ventral telencephalon,5
microvillous olfactory receptor neuron,3
sensory epithelial cell,4
lateral forebrain bundle telencephalon,1
sympathetic chain ganglion,5
sulcus ypsiloniformis,1
mandibular lateral line,1
infraorbital lateral line,2
posterior neural rod,6
neuromere,1
sympathetic neuron,3
posterior segment eye,1
compound organ,1
circulating cell,2
megakaryocyte erythroid progenitor cell,1
zone of polarizing activity pectoral fin bud,1
medial floor plate,15
anterior-most region,9
floor plate rhombomere region,10
caudal pretectal nucleus,2
peripheral region,18
tether cell,5
postcranial axial skeleton,9
lower region,1
saccus dorsalis,5
cranial nerve IV,3
cranial nerve VIII,3
terminal nerve,4
cranial nerve I,1
anterior lateral line nerve,6
horizontal commissure,2
nucleus of the medial longitudinal fasciculus medulla oblongata,8
nucleus ruber,2
optic fiber layer,4
norepinephrine secreting cell,2
medial longitudinal catecholaminergic tract,1
median tuberal portion,1
preopticohypothalamic tract,1
posterior presumptive neural plate,3
adrenergic neuron,2
endohypothalamic tract,1
neurohypophysis,12
chromaffin cell,2
anterior catecholaminergic tract,1
area postrema,2
tract of the postoptic commissure,4
occipital arch cartilage,1
muscle pioneer somite 22,1
muscle pioneer somite 4,1
muscle pioneer somite 6,1
muscle pioneer somite 5,1
muscle pioneer somite 21,1
skeletal system,9
basal plate cartilage,1
antero-lateral region,6
pectoral fin skeleton,4
lapillus,7
cartilage tissue,4
anal fin pterygiophore,4
trabecular layer,8
hemal arch,3
dorsal fin pterygiophore,3
neural arch,4
epural,1
lepidotrichium,4
scapulocoracoid,6
parhypural,3
iris,10
hepatic portal vein,1
pro-T cell,7
neutrophil,14
vitreous,1
primitive internal carotid artery,8
ceratobranchial 3 cartilage,5
ceratobranchial 2 cartilage,5
ceratobranchial 4 cartilage,4
stratum album centrale,7
medial preglomerular nucleus,8
stratum opticum,6
nucleus of the tract of the postoptic commissure,13
Golgi cell,2
stellate interneuron,1
hindbrain nucleus,14
pancreatic epsilon cell,4
ghrelin secreting cell,4
glucagon secreting cell,4
pancreatic A cell,6
tegmental nucleus,1
forebrain midbrain boundary neural tube,1
presumptive rhombomere 1,22
reproductive system,5
migratory neural crest cell,4
trunk neural crest cell,13
mesenchyme derived from trunk neural crest,1
dermal bone,2
basal surface,1
posterior caudal vein,11
intersegmental lymph vessel,1
lymph vessel endothelium,1
dorsolateral field,1
endolymphatic duct,3
epicardium,5
proepicardial cluster,4
choroid plexus,5
mesencephalic vein,4
posterior-most region,10
gill filament,12
ionocyte,9
CiA,3
pharyngeal pouches 2-6,5
ceratobranchial 5 primary tooth,3
intervillus pockets,3
somatotropin secreting cell,1
proximal pars anterior,8
apical ectodermal ridge median fin fold,6
thecal cell layer,6
granulosa cell layer,7
pericyte,3
caudal fin blood vessel,1
lymphoid progenitor cell,10
pro-B cell,1
raphe nucleus,12
glossopharyngeal lobe,6
synencephalon,2
renal glomerulus,5
premaxilla,3
infundibulum,2
kinethmoid bone,1
kidney cell,5
ventricular epicardium,3
medial-lateral axis,7
nucleus of the medial longitudinal fasciculus synencephalon,23
mesonephric nephron,3
secondary posterior lateral line primordium,6
trabecular layer of ventricle,5
compact layer of ventricle,1
inner dental epithelium,6
sagitta,1
odontoblast,6
hypobranchial cartilage,6
premigratory neural crest,4
dermomyotome,3
gill lamella,11
ventral funiculus,5
nucleus of the descending root,3
secondary gustatory nucleus trigeminal nucleus,3
sensory root of facial nerve,2
caudal motor nucleus,2
sensory trigeminal nucleus,2
medial funicular nucleus medulla oblongata,2
intermediate thalamic nucleus,2
octaval nerve motor nucleus,3
superficial region,3
extrahepatic duct,2
ansulate commissure,2
nucleus taeniae,1
pericardial cavity,1
endocardial ring,2
cardiac conduction system,1
electrically active cell,1
centrum,3
paired fin,4
branchiomotor neuron,6
rostral cerebellar tract,3
lateral funiculus,2
crossed tecto-bulbar tract,3
cranial nerve root,1
lateral olfactory tract,2
dorsal funiculus,2
ventrolateral optic tract,5
medial olfactory tract,1
uncrossed tecto-bulbar tract,1
pretecto-mammillary tract,3
dorso-lateral margin,4
intertectal commissure,1
seminiferous tubule lumen,1
Sertoli cell,9
cranial motor neuron,6
proximal surface,2
peripheral neuron,3
nerve,2
caudal commissure,5
immature Schwann cell,5
perineuronal satellite cell,2
saccule,4
nucleus of the tract of the anterior commissure,3
follicle stimulating hormone secreting cell,3
ventro-lateral margin,2
neuroendocrine cell,6
telencephalon diencephalon boundary,5
supraoptic commissure,1
granulosa cell,7
telencephalic nucleus,7
lateral nucleus of ventral telencephalon,3
inferior reticular formation,8
dorsal motor nucleus trigeminal nerve,4
neurosecretory neuron,5
median fin,2
renal duct,3
developing mesonephric distal tubule,1
apical surface,4
distal late tubule,2
lagena,2
hepatoblast,3
pinealocyte,5
epiphyseal stalk,1
ON-bipolar cell,1
corneal endothelium,9
groove,1
opercular cavity,1
vascular sprouts,3
pectoral fin blood vessel,1
cranial vault,1
presumptive cardiac ventricle primitive heart tube,1
adrenal medulla cell,1
peptide hormone secreting cell,3
steroid hormone secreting cell,5
prolactin secreting cell,1
iridophore,9
premigratory trunk neural crest,2
gill ionocyte,4
anal fin radial,2
pigment cell (sensu Vertebrata),1
ciliated epithelial cell,3
fertilized egg,6
axial fin skeleton,1
slow muscle cell somite 4,1
slow muscle cell somite 10,1
slow muscle cell somite 14,1
pancreatic acinar cell,1
slow muscle cell somite 7,1
slow muscle cell somite 1,1
ocular blood vessel,3
optic nerve head,6
hemal spine,2
neural spine,2
quadrate,2
sperm,6
internal gill bud,2
interneuromast cell,6
supraoccipital,1
osteocyte,2
forebrain midbrain boundary neural keel,3
iridoblast,5
premigratory neural crest cell,2
NCC ionocyte,3
antero-lateral margin,3
anterior chamber swim bladder,4
posterior chamber swim bladder,4
ductus communicans,4
presumptive hypochord,5
branchial muscle,3
hypodermis,11
epiphyseal cluster,1
hypural 4,1
hypural 5,1
pectoral girdle,2
breeding tubercle,1
magnocellular superficial pretectal nucleus,4
osteoclast,3
pigmented epithelial cell,2
lateral lemniscus nucleus,6
stratum marginale,4
central pretectal nucleus,1
viscerosensory commissural nucleus of Cajal,1
accessory pretectal nucleus,1
ventral accessory optic nucleus,1
simple columnar epithelial cell,1
astrocyte,4
hypodermal cell,1
pillar of the lateral semicircular canal,3
tertiary gustatory nucleus,2
ecto-epithelial cell,1
renal tubule,8
gut absorptive cell,3
pars superior ear,1
stratified keratinized epithelial stem cell,1
dorsal longitudinal vein,3
cerebellar plate,5
subcommissural organ,5
cephalic mesoderm,3
primitive meninx,5
dorsal longitudinal fasciculus,2
basihyal cartilage,5
corneal stroma,4
parachordal vessel,1
dorsal surface,3
kidney epithelial cell,1
pectoral artery,3
presumptive atrium primitive heart tube,1
Purkinje cell layer corpus cerebelli,7
vascular smooth muscle,4
Purkinje cell layer valvula cerebelli,3
caudal peduncle,1
pectoral vein,1
pharyngeal pouch 6,1
preglomerular nucleus,11
primary germ layer,1
mesenchyme dorsal fin,1
annular ligament,2
trabecular layer of the atrium,1
deep region,2
otic vesicle lateral protrusion,1
operculohyoid ligament,1
dorsal root,1
cranial nerve III,3
inner optic circle,5
MiD3cl,1
midbrain nucleus,2
outer dental epithelium,1
green sensitive photoreceptor cell,4
roof plate midbrain region,5
commissure of the tract of the commissure of the caudal tuberculum,1
D cell,3
somatostatin secreting cell,3
intermediate mesenchyme,1
ventral canal eye,1
pelvic fin field,1
proximal convoluted tubule,3
lymphangiogenic sprout,1
tract of the caudal commissure,1
preopticohypophyseal tract,2
gigantocellular part of magnocellular preoptic nucleus,1
peptidergic neuron,6
hyaloid artery,2
hyaloid vein,2
cloacal epithelium,2
pectoral fin motor nerve,2
basal lamina,1
quadrate-anguloarticular joint,4
precaudal vertebra,1
otolith organ,2
corneal primordium,3
corneal epithelial cell,4
larval melanophore stripe,1
dorsal larval melanophore stripe,2
ventral larval melanophore stripe,1
yolk larval melanophore stripe,1
urostyle,2
habenular commissure,1
nasal ciliary artery,2
mesonephric podocyte,1
choroid plexus third ventricle,1
choroid plexus fourth ventricle,1
anterior cerebral vein,2
vascular associated smooth muscle cell,1
ectopterygoid,2
endochondral bone,1
pronephric glomerular basement membrane,2
presumptive spinal cord,1
orbital region,2
luteinizing hormone secreting cell,5
xanthoblast,3
roof plate rhombomere 5,1
roof plate rhombomere 6,1
roof plate rhombomere 7,1
roof plate rhombomere 2,1
roof plate rhombomere 3,1
roof plate rhombomere 4,1
roof plate rhombomere 8,1
superficial grey and white zone,1
notochord inner cell,1
axial region,1
hindbrain commissure,1
ampullary nerve,1
fin vasculature,1
cranial division of the internal carotid artery,3
micropylar cell,1
infraorbital,1
secondary gustatory nucleus medulla oblongata,1
noninvoluting endocytic marginal cell cluster,3
perichordal connective tissue,1
collagenous dermal stroma,1
deep side,2
superficial side,5
anatomical cluster,1
parathyroid hormone secreting cell,1
naris,1
anterior compartment,2
tecto-bulbar tract,1
slow muscle myoblast,1
anterior-posterior gradient,1
preopercle,3
basioccipital,2
specialized hemal arch and spine,1
mesethmoid bone,1
tunica interna swim bladder,1
anterior mesenteric artery,2
mesothelial cell,3
pectoral fin proximal radial,1
radial,1
spermatid,3
supraorbital lateral line,2
precursor B cell,3
tooth pulp,2
commissure of the caudal tuberculum,1
primary olfactory fiber layer,2
dental papilla,1
nephron,1
nucleus Edinger-Westphal,2
ventral spinal nerve,1
common bile duct,1
intrapancreatic duct,1
theca cell,3
corneal endothelial cell,2
dorsal lateral line neuromast,1
skeletal tissue,1
intestinal epithelial cell,3
intestinal mucosa,1
cholinergic neuron,2
lateral wall neural tube,2
diencephalic efferent neurons to the lateral line,1
glycinergic neuron,1
noradrenergic neuron,1
occipital region,1
neuron neural crest derived,2
reticulospinal neuron,1
bile canaliculus,1
zona radiata,1
interhyal-hyosymplectic joint,1
pillar of the anterior semicircular canal,1
pillar of the posterior semicircular canal,1
primitive mesencephalic artery,1
motile cell,1
lymph vessel,1
lens fiber cell,2
thymic epithelium,2
midbrain interneuron,1
ciliary zone,1
caudal vertebra,1
visceral peritoneum,1
surface structure,1
lower lip,1
mechanoreceptor cell,1
upper lip,1
parallel fiber,1
supraoptic tract,1
intermediate nucleus,2
anterior swim bladder bud,1
tangential nucleus,1
lateral wall neural rod,1
dorsoventral diencephalic tract,1
professional antigen presenting cell,1
acellular anatomical structure,1
region of the nucleus of the medial longitudinal fascicle,2
skeletal muscle satellite cell,2
orbit,1
skeletal element,2
adductor hyomandibulae,1
proximal side,1
UV sensitive photoreceptor cell,1
intestine lumen,1
sclera,1
cone retinal bipolar cell,1
fibrous joint,1
epiphyseal bar,1
caudal octaval nucleus,1
brush border epithelial cell,2
inner limiting membrane,2
mesoderm pelvic fin bud,1
iris stroma,1
lateral wall spinal cord,1
dorsal motor root of V,1
pectoral fin actinotrichium,1
second tier layer of breeding tubercle,1
spinous layer of breeding tubercle,1
